{
  "version": "1",
  "cognitoConfig": {
    "identityPoolName": "amplifytripsplannerf6cd63e2_identitypool_f6cd63e2",
    "allowUnauthenticatedIdentities": false,
    "resourceNameTruncated": "ampliff6cd63e2",
    "userPoolName": "amplifytripsplannerf6cd63e2_userpool_f6cd63e2",
    "autoVerifiedAttributes": [
      "email"
    ],
    "mfaConfiguration": "OFF",
    "mfaTypes": [
      "SMS Text Message"
    ],
    "smsAuthenticationMessage": "Your authentication code is {####}",
    "smsVerificationMessage": "Your verification code is {####}",
    "emailVerificationSubject": "Your verification code",
    "emailVerificationMessage": "Your verification code is {####}",
    "defaultPasswordPolicy": false,
    "passwordPolicyMinLength": 8,
    "passwordPolicyCharacters": [],
    "requiredAttributes": [
      "email"
    ],
    "aliasAttributes": [],
    "userpoolClientGenerateSecret": false,
    "userpoolClientRefreshTokenValidity": 30,
    "userpoolClientWriteAttributes": [
      "email"
    ],
    "userpoolClientReadAttributes": [
      "email"
    ],
    "userpoolClientLambdaRole": "ampliff6cd63e2_userpoolclient_lambda_role",
    "userpoolClientSetAttributes": false,
    "sharedId": "f6cd63e2",
    "resourceName": "amplifytripsplannerf6cd63e2",
    "authSelections": "identityPoolAndUserPool",
    "useDefault": "manual",
    "usernameAttributes": [
      "email"
    ],
    "userPoolGroupList": [],
    "serviceName": "Cognito",
    "usernameCaseSensitive": false,
    "useEnabledMfas": true,
    "authRoleArn": {
      "Fn::GetAtt": [
        "AuthRole",
        "Arn"
      ]
    },
    "unauthRoleArn": {
      "Fn::GetAtt": [
        "UnauthRole",
        "Arn"
      ]
    },
    "breakCircularDependency": true,
    "dependsOn": [
      {
        "category": "function",
        "resourceName": "amplifytripsplannerf6cd63e2PostConfirmation",
        "triggerProvider": "Cognito",
        "attributes": [
          "Arn",
          "Name"
        ]
      }
    ],
    "thirdPartyAuth": false,
    "userPoolGroups": false,
    "adminQueries": false,
    "triggers": {
      "PostConfirmation": [
        "custom"
      ]
    },
    "hostedUI": false,
    "authProviders": [],
    "parentStack": {
      "Ref": "AWS::StackId"
    },
    "authTriggerConnections": "[\n  {\n    \"triggerType\": \"PostConfirmation\",\n    \"lambdaFunctionName\": \"amplifytripsplannerf6cd63e2PostConfirmation\"\n  }\n]",
    "permissions": []
  }
}