{
  "dev": {
    "awscloudformation": {
      "AuthRoleName": "amplify-amplifytripsplanner-dev-143338-authRole",
      "UnauthRoleArn": "arn:aws:iam::279012124572:role/amplify-amplifytripsplanner-dev-143338-unauthRole",
      "AuthRoleArn": "arn:aws:iam::279012124572:role/amplify-amplifytripsplanner-dev-143338-authRole",
      "Region": "us-east-1",
      "DeploymentBucketName": "amplify-amplifytripsplanner-dev-143338-deployment",
      "UnauthRoleName": "amplify-amplifytripsplanner-dev-143338-unauthRole",
      "StackName": "amplify-amplifytripsplanner-dev-143338",
      "StackId": "arn:aws:cloudformation:us-east-1:279012124572:stack/amplify-amplifytripsplanner-dev-143338/5144af10-9d00-11ed-b510-128d8230a997",
      "AmplifyAppId": "d1j1ijmk6x24ma",
      "AuthTriggerTemplateURL": "https://s3.amazonaws.com/amplify-amplifytripsplanner-dev-143338-deployment/amplify-cfn-templates/auth/auth-trigger-cloudformation-template.json"
    },
    "categories": {
      "auth": {
        "amplifytripsplannerf6cd63e2": {}
      },
      "api": {
        "amplifytripsplanner": {}
      },
      "storage": {
        "s328b185a0": {}
      },
      "function": {
        "amplifytripsplannerf6cd63e2PostConfirmation": {
          "deploymentBucketName": "amplify-amplifytripsplanner-dev-143338-deployment",
          "s3Key": "amplify-builds/amplifytripsplannerf6cd63e2PostConfirmation-5a457757596a31657650-build.zip"
        }
      }
    }
  }
}