{
  "trigger": true,
  "modules": [
    "custom"
  ],
  "parentResource": "amplifytripsplannerf6cd63e2",
  "functionName": "amplifytripsplannerf6cd63e2PostConfirmation",
  "resourceName": "amplifytripsplannerf6cd63e2PostConfirmation",
  "parentStack": "auth",
  "triggerEnvs": [],
  "triggerDir": "/snapshot/repo/build/node_modules/@aws-amplify/amplify-category-auth/provider-utils/awscloudformation/triggers/PostConfirmation",
  "triggerTemplate": "PostConfirmation.json.ejs",
  "triggerEventPath": "PostConfirmation.event.json",
  "roleName": "amplifytripsplannerf6cd63e2PostConfirmation",
  "skipEdit": true,
  "enableCors": false,
  "permissions": {
    "api": {
      "amplifytripsplanner": [
        "Query",
        "Mutation",
        "Subscription"
      ]
    }
  }
}