{
  "providers": {
    "awscloudformation": {
      "AuthRoleName": "amplify-amplifytripsplanner-dev-143338-authRole",
      "UnauthRoleArn": "arn:aws:iam::279012124572:role/amplify-amplifytripsplanner-dev-143338-unauthRole",
      "AuthRoleArn": "arn:aws:iam::279012124572:role/amplify-amplifytripsplanner-dev-143338-authRole",
      "Region": "us-east-1",
      "DeploymentBucketName": "amplify-amplifytripsplanner-dev-143338-deployment",
      "UnauthRoleName": "amplify-amplifytripsplanner-dev-143338-unauthRole",
      "StackName": "amplify-amplifytripsplanner-dev-143338",
      "StackId": "arn:aws:cloudformation:us-east-1:279012124572:stack/amplify-amplifytripsplanner-dev-143338/5144af10-9d00-11ed-b510-128d8230a997",
      "AmplifyAppId": "d1j1ijmk6x24ma",
      "AuthTriggerTemplateURL": "https://s3.amazonaws.com/amplify-amplifytripsplanner-dev-143338-deployment/amplify-cfn-templates/auth/auth-trigger-cloudformation-template.json"
    }
  },
  "auth": {
    "amplifytripsplannerf6cd63e2": {
      "service": "Cognito",
      "providerPlugin": "awscloudformation",
      "dependsOn": [
        {
          "category": "function",
          "resourceName": "amplifytripsplannerf6cd63e2PostConfirmation",
          "triggerProvider": "Cognito",
          "attributes": [
            "Arn",
            "Name"
          ]
        }
      ],
      "customAuth": false,
      "frontendAuthConfig": {
        "socialProviders": [],
        "usernameAttributes": [
          "EMAIL"
        ],
        "signupAttributes": [
          "EMAIL"
        ],
        "passwordProtectionSettings": {
          "passwordPolicyMinLength": 8,
          "passwordPolicyCharacters": []
        },
        "mfaConfiguration": "OFF",
        "mfaTypes": [
          "SMS"
        ],
        "verificationMechanisms": [
          "EMAIL"
        ]
      },
      "providerMetadata": {
        "s3TemplateURL": "https://s3.amazonaws.com/amplify-amplifytripsplanner-dev-143338-deployment/amplify-cfn-templates/auth/amplifytripsplannerf6cd63e2-cloudformation-template.json",
        "logicalId": "authamplifytripsplannerf6cd63e2"
      },
      "lastPushTimeStamp": "2023-01-27T15:00:00.143Z",
      "output": {
        "UserPoolId": "us-east-1_j84gGf3IG",
        "AppClientIDWeb": "5vd70ilgugugkpdc1saaf672cr",
        "AppClientID": "6mp8osa0hugm11s5o3668s922f",
        "IdentityPoolId": "us-east-1:e71eca1f-2616-41c2-afd5-c61d950b409d",
        "UserPoolArn": "arn:aws:cognito-idp:us-east-1:279012124572:userpool/us-east-1_j84gGf3IG",
        "IdentityPoolName": "amplifytripsplannerf6cd63e2_identitypool_f6cd63e2__dev",
        "UserPoolName": "amplifytripsplannerf6cd63e2_userpool_f6cd63e2"
      },
      "lastPushDirHash": "ZG9WbpBp3dl44MelOqd9llo71j0="
    }
  },
  "api": {
    "amplifytripsplanner": {
      "service": "AppSync",
      "providerPlugin": "awscloudformation",
      "dependsOn": [
        {
          "attributes": [
            "UserPoolId"
          ],
          "category": "auth",
          "resourceName": "amplifytripsplannerf6cd63e2"
        }
      ],
      "output": {
        "authConfig": {
          "defaultAuthentication": {
            "authenticationType": "AMAZON_COGNITO_USER_POOLS",
            "userPoolConfig": {
              "userPoolId": "authamplifytripsplannerf6cd63e2"
            }
          },
          "additionalAuthenticationProviders": [
            {
              "authenticationType": "AWS_IAM"
            }
          ]
        },
        "GraphQLAPIIdOutput": "sade3hkbxnh3vkr2ud2ngva36m",
        "GraphQLAPIEndpointOutput": "https://g3xozveywjhwdpbhpg5hvb77dm.appsync-api.us-east-1.amazonaws.com/graphql"
      },
      "providerMetadata": {
        "s3TemplateURL": "https://s3.amazonaws.com/amplify-amplifytripsplanner-dev-143338-deployment/amplify-cfn-templates/api/cloudformation-template.json",
        "logicalId": "apiamplifytripsplanner"
      },
      "lastPushTimeStamp": "2023-01-27T14:59:59.689Z",
      "lastPushDirHash": "pvImPkGAs7cFBYmjQWYt6Lc/U8k="
    }
  },
  "storage": {
    "s328b185a0": {
      "service": "S3",
      "providerPlugin": "awscloudformation",
      "dependsOn": [],
      "lastPushTimeStamp": "2023-01-27T14:59:59.690Z",
      "providerMetadata": {
        "s3TemplateURL": "https://s3.amazonaws.com/amplify-amplifytripsplanner-dev-143338-deployment/amplify-cfn-templates/storage/cloudformation-template.json",
        "logicalId": "storages328b185a0"
      },
      "output": {
        "BucketName": "amplifytripsplan2023143338-dev",
        "Region": "us-east-1"
      },
      "lastPushDirHash": "NdWhXCqt2dgWBQO4A+PAFoYARsE="
    }
  },
  "function": {
    "amplifytripsplannerf6cd63e2PostConfirmation": {
      "build": true,
      "providerPlugin": "awscloudformation",
      "service": "Lambda",
      "dependsOn": [
        {
          "category": "api",
          "resourceName": "amplifytripsplanner",
          "attributes": [
            "GraphQLAPIIdOutput",
            "GraphQLAPIEndpointOutput"
          ]
        }
      ],
      "lastPushTimeStamp": "2023-01-27T15:00:00.143Z",
      "lastBuildTimeStamp": "2023-01-27T14:55:43.811Z",
      "lastBuildType": "PROD",
      "lastPackageTimeStamp": "2023-01-27T14:55:46.192Z",
      "distZipFilename": "amplifytripsplannerf6cd63e2PostConfirmation-5a457757596a31657650-build.zip",
      "s3Bucket": {
        "deploymentBucketName": "amplify-amplifytripsplanner-dev-143338-deployment",
        "s3Key": "amplify-builds/amplifytripsplannerf6cd63e2PostConfirmation-5a457757596a31657650-build.zip"
      },
      "providerMetadata": {
        "s3TemplateURL": "https://s3.amazonaws.com/amplify-amplifytripsplanner-dev-143338-deployment/amplify-cfn-templates/function/amplifytripsplannerf6cd63e2PostConfirmation-cloudformation-template.json",
        "logicalId": "functionamplifytripsplannerf6cd63e2PostConfirmation"
      },
      "output": {
        "LambdaExecutionRoleArn": "arn:aws:iam::279012124572:role/amplifytripsplannerf6cd63e2PostConfirmation-dev",
        "Region": "us-east-1",
        "Arn": "arn:aws:lambda:us-east-1:279012124572:function:amplifytripsplannerf6cd63e2PostConfirmation-dev",
        "Name": "amplifytripsplannerf6cd63e2PostConfirmation-dev",
        "LambdaExecutionRole": "amplifytripsplannerf6cd63e2PostConfirmation-dev"
      },
      "lastPushDirHash": "wE8aL5cuXVSpIh4xYA4AaTfLiHw="
    }
  }
}