{
  "api": {
    "amplifytripsplanner": {
      "dependsOn": [
        {
          "attributes": [
            "UserPoolId"
          ],
          "category": "auth",
          "resourceName": "amplifytripsplannerf6cd63e2"
        }
      ],
      "output": {
        "authConfig": {
          "additionalAuthenticationProviders": [
            {
              "authenticationType": "AWS_IAM"
            }
          ],
          "defaultAuthentication": {
            "authenticationType": "AMAZON_COGNITO_USER_POOLS",
            "userPoolConfig": {
              "userPoolId": "authamplifytripsplannerf6cd63e2"
            }
          }
        }
      },
      "providerPlugin": "awscloudformation",
      "service": "AppSync"
    }
  },
  "auth": {
    "amplifytripsplannerf6cd63e2": {
      "customAuth": false,
      "dependsOn": [
        {
          "attributes": [
            "Arn",
            "Name"
          ],
          "category": "function",
          "resourceName": "amplifytripsplannerf6cd63e2PostConfirmation",
          "triggerProvider": "Cognito"
        }
      ],
      "frontendAuthConfig": {
        "mfaConfiguration": "OFF",
        "mfaTypes": [
          "SMS"
        ],
        "passwordProtectionSettings": {
          "passwordPolicyCharacters": [],
          "passwordPolicyMinLength": 8
        },
        "signupAttributes": [
          "EMAIL"
        ],
        "socialProviders": [],
        "usernameAttributes": [
          "EMAIL"
        ],
        "verificationMechanisms": [
          "EMAIL"
        ]
      },
      "providerPlugin": "awscloudformation",
      "service": "Cognito"
    }
  },
  "function": {
    "amplifytripsplannerf6cd63e2PostConfirmation": {
      "build": true,
      "dependsOn": [
        {
          "attributes": [
            "GraphQLAPIIdOutput",
            "GraphQLAPIEndpointOutput"
          ],
          "category": "api",
          "resourceName": "amplifytripsplanner"
        }
      ],
      "providerPlugin": "awscloudformation",
      "service": "Lambda"
    }
  },
  "parameters": {
    "AMPLIFY_function_amplifytripsplannerf6cd63e2PostConfirmation_deploymentBucketName": {
      "usedBy": [
        {
          "category": "function",
          "resourceName": "amplifytripsplannerf6cd63e2PostConfirmation"
        }
      ]
    },
    "AMPLIFY_function_amplifytripsplannerf6cd63e2PostConfirmation_s3Key": {
      "usedBy": [
        {
          "category": "function",
          "resourceName": "amplifytripsplannerf6cd63e2PostConfirmation"
        }
      ]
    }
  },
  "storage": {
    "s328b185a0": {
      "dependsOn": [],
      "providerPlugin": "awscloudformation",
      "service": "S3"
    }
  }
}